rrsH,1,rRNA,223771,225312,AATTGAAGAGTTTGATCATGGCTCAGATTGAACGCTGGCGGCAGGCCTAACACATGCAAGTCGAACGGTAACAGGAAGAAGCTTGCTTCTTTGCTGACGAGTGGCGGACGGGTGAGTAATGTCTGGGAAACTGCCTGATGGAGGGGGATAACTACTGGAAACGGTAGCTAATACCGCATAACGTCGCAAGACCAAAGAGGGGGACCTTCGGGCCTCTTGCCATCGGATGTGCCCAGATGGGATTAGCTAGTAGGTGGGGTAACGGCTCACCTAGGCGACGATCCCTAGCTGGTCTGAGAGGATGACCAGCCACACTGGAACTGAGACACGGTCCAGACTCCTACGGGAGGCAGCAGTGGGGAATATTGCACAATGGGCGCAAGCCTGATGCAGCCATGCCGCGTGTATGAAGAAGGCCTTCGGGTTGTAAAGTACTTTCAGCGGGGAGGAAGGGAGTAAAGTTAATACCTTTGCTCATTGACGTTACCCGCAGAAGAAGCACCGGCTAACTCCGTGCCAGCAGCCGCGGTAATACGGAGGGTGCAAGCGTTAATCGGAATTACTGGGCGTAAAGCGCACGCAGGCGGTTTGTTAAGTCAGATGTGAAATCCCCGGGCTCAACCTGGGAACTGCATCTGATACTGGCAAGCTTGAGTCTCGTAGAGGGGGGTAGAATTCCAGGTGTAGCGGTGAAATGCGTAGAGATCTGGAGGAATACCGGTGGCGAAGGCGGCCCCCTGGACGAAGACTGACGCTCAGGTGCGAAAGCGTGGGGAGCAAACAGGATTAGATACCCTGGTAGTCCACGCCGTAAACGATGTCGACTTGGAGGTTGTGCCCTTGAGGCGTGGCTTCCGGAGCTAACGCGTTAAGTCGACCGCCTGGGGAGTACGGCCGCAAGGTTAAAACTCAAATGAATTGACGGGGGCCCGCACAAGCGGTGGAGCATGTGGTTTAATTCGATGCAACGCGAAGAACCTTACCTGGTCTTGACATCCACAGAACTTTCCAGAGATGGATTGGTGCCTTCGGGAACTGTGAGACAGGTGCTGCATGGCTGTCGTCAGCTCGTGTTGTGAAATGTTGGGTTAAGTCCCGCAACGAGCGCAACCCTTATCTTTTGTTGCCAGCGGTCCGGCCGGGAACTCAAAGGAGACTGCCAGTGATAAACTGGAGGAAGGTGGGGATGACGTCAAGTCATCATGGCCCTTACGACCAGGGCTACACACGTGCTACAATGGCGCATACAAAGAGAAGCGACCTCGCGAGAGCAAGCGGACCTCATAAAGTGCGTCGTAGTCCGGATTGGAGTCTGCAACTCGACTCCATGAAGTCGGAATCGCTAGTAATCGTGGATCAGAATGCCACGGTGAATACGTTCCCGGGCCTTGTACACACCGCCCGTCACACCATGGGAGTGGGTTGCAAAAGAAGTAGGTAGCTTAACCTTCGGGAGGGCGCTTACCACTTTGTGATTCATGACTGGGGTGAAGTCGTAACAAGGTAACCGTAGGGGAACCTGCGGTTGGATCACCTCCTTA
ileV,1,tRNA,225381,225457,GGCTTGTAGCTCAGGTGGTTAGAGCGCACCCCTGATAAGGGTGAGGTCGGTGGTTCAAGTCCACTCAGGCCTACCA
alaV,1,tRNA,225500,225575,GGGCTATAGCTCAGCTGGGAGAGCGCCTGCTTTGCACGCAGGAGGTCTGCGGTTCGATCCCGCATAGCTCCACCA
rrlH,1,rRNA,225759,228662,GTTAAGCGACTAAGCGTACACGGTGGATGCCCTGGCAGTCAGAGGCGATGAAGGACGTGCTAATCTGCGATAAGCGTCGGTAAGGTGATATGAACCGTTATAACCGGCGATTTCCGAATGGGGAAACCCAGTGTGTTTCGACACACTATCATTAACTGAATCCATAGGTTAATGAGGCGAACCGGGGGAACTGAAACATCTAAGTACCCCGAGGAAAAGAAATCAACCGAGATTCCCCCAGTAGCGGCGAGCGAACGGGGAGGAGCCCAGAGCCTGAATCAGTGTGTGTGTTAGTGGAAGCGTCTGGAAAGGCGCGCGATACAGGGTGACAGCCCCGTACACAAAAATGCACATGCTGTGAGCTCGATGAGTAGGGCGGGACACGTGGTATCCTGTCTGAATATGGGGGGACCATCCTCCAAGGCTAAATACTCCTGACTGACCGATAGTGAACCAGTACCGTGAGGGAAAGGCGAAAAGAACCCCGGCGAGGGGAGTGAAAAAGAACCTGAAACCGTGTACGTACAAGCAGTGGGAGCATGCTTAGGCGTGTGACTGCGTACCTTTTGTATAATGGGTCAGCGACTTATATTCTGTAGCAAGGTTAACCGAATAGGGGAGCCGAAGGGAAACCGAGTCTTAACTGGGCGTTAAGTTGCAGGGTATAGACCCGAAACCCGGTGATCTAGCCATGGGCAGGTTGAAGGTTGGGTAACACTAACTGGAGGACCGAACCGACTAATGTTGAAAAATTAGCGGATGACTTGTGGCTGGGGGTGAAAGGCCAATCAAACCGGGAGATAGCTGGTTCTCCCCGAAAGCTATTTAGGTAGCGCCTCGTGAACTCATCTCCGGGGGTAGAGCACTGTTTCGGCAAGGGGGTCATCCCGACTTACCAACCCGATGCAAACTGCGAATACCGGAGAATGTTATCACGGGAGACACACGGCGGGTGCTAACGTCCGTCGTGAAGAGGGAAACAACCCAGACCGCCAGCTAAGGTCCCAAAGTCATGGTTAAGTGGGAAACGATGTGGGAAGGCCCAGACAGCCAGGATGTTGGCTTAGAAGCAGCCATCATTTAAAGAAAGCGTAATAGCTCACTGGTCGAGTCGGCCTGCGCGGAAGATGTAACGGGGCTAAACCATGCACCGAAGCTGCGGCAGCGACGCTTATGCGTTGTTGGGTAGGGGAGCGTTCTGTAAGCCTGTGAAGGTGTACTGTGAGGTATGCTGGAGGTATCAGAAGTGCGAATGCTGACATAAGTAACGATAAAGCGGGTGAAAAGCCCGCTCGCCGGAAGACCAAGGGTTCCTGTCCAACGTTAATCGGGGCAGGGTGAGTCGACCCCTAAGGCGAGGCCGAAAGGCGTAGTCGATGGGAAACAGGTTAATATTCCTGTACTTGGTGTTACTGCGAAGGGGGGACGGAGAAGGCTATGTTGGCCGGGCGACGGTTGTCCCGGTTTAAGCGTGTAGGCTGGTTTTCCAGGCAAATCCGGAAAATCAAGGCTGAGGCGTGATGACGAGGCACTACGGTGCTGAAGCAACAAATGCCCTGCTTCCAGGAAAAGCCTCTAAGCATCAGGTAACATCAAATCGTACCCCAAACCGACACAGGTGGTCAGGTAGAGAATACCAAGGCGCTTGAGAGAACTCGGGTGAAGGAACTAGGCAAAATGGTGCCGTAACTTCGGGAGAAGGCACGCTGATATGTAGGTGAAGCGACTTGCTCGTGGAGCTGAAATCAGTCGAAGATACCAGCTGGCTGCAACTGTTTATTAAAAACACAGCACTGTGCAAACACGAAAGTGGACGTATACGGTGTGACGCCTGCCCGGTGCCGGAAGGTTAATTGATGGGGTTAGCGCAAGCGAAGCTCTTGATCGAAGCCCCGGTAAACGGCGGCCGTAACTATAACGGTCCTAAGGTAGCGAAATTCCTTGTCGGGTAAGTTCCGACCTGCACGAATGGCGTAATGATGGCCAGGCTGTCTCCACCCGAGACTCAGTGAAATTGAACTCGCTGTGAAGATGCAGTGTACCCGCGGCAAGACGGAAAGACCCCGTGAACCTTTACTATAGCTTGACACTGAACATTGAGCCTTGATGTGTAGGATAGGTGGGAGGCTTTGAAGTGTGGACGCCAGTCTGCATGGAGCCGACCTTGAAATACCACCCTTTAATGTTTGATGTTCTAACGTTGACCCGTAATCCGGGTTGCGGACAGTGTCTGGTGGGTAGTTTGACTGGGGCGGTCTCCTCCTAAAGAGTAACGGAGGAGCACGAAGGTTGGCTAATCCTGGTCGGACATCAGGAGGTTAGTGCAATGGCATAAGCCAGCTTGACTGCGAGCGTGACGGCGCGAGCAGGTGCGAAAGCAGGTCATAGTGATCCGGTGGTTCTGAATGGAAGGGCCATCGCTCAACGGATAAAAGGTACTCCGGGGATAACAGGCTGATACCGCCCAAGAGTTCATATCGACGGCGGTGTTTGGCACCTCGATGTCGGCTCATCACATCCTGGGGCTGAAGTAGGTCCCAAGGGTATGGCTGTTCGCCATTTAAAGTGGTACGCGAGCTGGGTTTAGAACGTCGTGAGACAGTTCGGTCCCTATCTGCCGTGGGCGCTGGAGAACTGAGGGGGGCTGCTCCTAGTACGAGAGGACCGGAGTGGACGCATCACTGGTGTTCGGGTTGTCATGCCAATGGCACTGCCCGGTAGCTAAATGCGGAAGAGATAAGTGCTGAAAGCATCTAAGCACGAAACTTGCCCCGAGATGAGTTCTCCCTGACTCCTTGAGAGTCCTGAAGGAACGTTGAAGACGACGACGTTGATAGGCCGGGTGTGTAAGCGCAGCGATGCGTTGAGCTAACCGGTACTAATGAACCGTGAGGCTTAACCTT
rrfH,1,rRNA,228756,228875,GCCTGGCGGCCGTAGCGCGGTGGTCCCACCTGACCCCATGCCGAACTCAGAAGTGAAACGCCGTAGCGCCGATGGTAGTGTGGGGTCTCCCCATGCGAGAGTAGGGAACTGCCAGGCAT
aspU,1,tRNA,228928,229004,GAGCGGTAGTTCAGTCGGTTAGAATACCTGCCTGTCACGCAGGGGGTCGCGGGTTCGAGTCCCGTCCGTTCCGCCA
aspV,1,tRNA,236931,237007,GAGCGGTAGTTCAGTCGGTTAGAATACCTGCCTGTCACGCAGGGGGTCGCGGGTTCGAGTCCCGTCCGTTCCGCCA
thrW,1,tRNA,262095,262170,CCGATATAGCTCAGTTGGTAGAGCAGCGCATTCGTAATGCGAAGGTCGTAGGTTCGACTCCTATTATCGGCACCA
ptwF,1,tRNA,296430,296478,GCATTCGTAATGCGAAGGTCGTAGGTTCGACTCCTATTATCGGCACCA
argU,1,tRNA,563946,564022,CGCCCTTAGCTCAGTTGGATAGAGCAACGACCTTCTAAGTCGTGGGCCGCAGGTTCGAATCCTGCAGGGCGCGCCA
pauD,1,tRNA,585280,585324,TTCTAAGTCGTGGGCCGCAGGTTCGAATCCTGCAGGGCGCGCCA
glnX,-1,tRNA,695653,695727,AGCCAACCTTCGTGCTCCTCCGTTACTCTTTAGGAGGAGACCGCCCCAGTCAAACTACCCACCAGACACTGTCC
glnV,-1,tRNA,695765,695839,TTAAAGGGTGGTATTTCAAGGTCGGCTCCATGCAGACTGGCGTCCACACTTCAAAGCCTCCCACCTATCCTACA
metU,-1,tRNA,695887,695963,TCTTTCCGTCTTGCCGCGGGTACACTGCATCTTCACAGCGAGTTCAATTTCACTGAGTCTCGGGTGGAGACAGCCT
glnW,-1,tRNA,695979,696053,TTCGTGCAGGTCGGAACTTACCCGACAAGGAATTTCGCTACCTTAGGACCGTTATAGTTACGGCCGCCGTTTAC
glnU,-1,tRNA,696088,696162,CCATCAATTAACCTTCCGGCACCGGGCAGGCGTCACACCGTATACGTCCACTTTCGTGTTTGCACAGTGCTGTG
leuW,-1,tRNA,696186,696270,CTGGTATCTTCGACTGATTTCAGCTCCACGAGCAAGTCGCTTCACCTACATATCAGCGTGCCTTCTCCCGAAGTTACGGCACCA
metT,-1,tRNA,696280,696356,TTCCTTCACCCGAGTTCTCTCAAGCGCCTTGGTATTCTCTACCTGACCACCTGTGTCGGTTTGGGGTACGATTTGA
lysT,1,tRNA,779777,779852,GGTCGTTAGCTCAGTTGGTAGAGCAGTTGACTTTTAATCAATTGGTCGCAGGTTCGAATCCTGCACGACCCACCA
valT,1,tRNA,779988,780063,GGTGATTAGCTCAGCTGGGAGAGCACCTCCCTTACAAGGAGGGGGTCGGCGGTTCGATCCCGTCATCACCCACCA
lysW,1,tRNA,780066,780141,GGTCGTTAGCTCAGTTGGTAGAGCAGTTGACTTTTAATCAATTGGTCGCAGGTTCGAATCCTGCACGACCCACCA
valZ,1,tRNA,780291,780366,GGTGATTAGCTCAGCTGGGAGAGCACCTCCCTTACAAGGAGGGGGTCGGCGGTTCGATCCCGTCATCACCCACCA
lysY,1,tRNA,780370,780445,GGTCGTTAGCTCAGTTGGTAGAGCAGTTGACTTTTAATCAATTGGTCGCAGGTTCGAATCCTGCACGACCCACCA
lysZ,1,tRNA,780592,780667,GGTCGTTAGCTCAGTTGGTAGAGCAGTTGACTTTTAATCAATTGGTCGCAGGTTCGAATCCTGCACGACCCACCA
lysQ,1,tRNA,780800,780875,GGTCGTTAGCTCAGTTGGTAGAGCAGTTGACTTTTAATCAATTGGTCGCAGGTTCGAATCCTGCACGACCCACCA
serW,-1,tRNA,925107,925194,GTTAATCCTTAATAACCTTTTTATTCTTTGCCACGGGTTCCGTGGCGGGAGATTATGCCGCGTGAACATGAAGATTATTCCTGGGAA
serT,-1,tRNA,1030848,1030935,CGTCTTACTGGCGGGGGCCGGGTTTTCGCTGGTGTTCCCGGCATTGGGTGTAGTGGCGGTAAAAGCGGTTCCGCAGCAAAATCAGGG
serX,-1,tRNA,1096788,1096875,GTCAAAAGAGAACAATAGCGGATGAATAACATCTGGTGGCAGACCAAAGGTCAGGGGAATGTTCATCTTGTGCTGCTGCACGGATGG
tyrV,-1,tRNA,1286467,1286551,CTCCATATCGCGTGGACGCCAGCCTGCCGGGGCGTTCACAAAAATTTGCTCAATGCGTGGCAGAGAGGAGAGGGCGATTTCACC
tyrT,-1,tRNA,1286761,1286845,GCCGCAACCGTCGCCGGTTTTACCATCGGCGAGAATCGCGCCACGGTGCTGCATGCGGGCCAGTGCGTGTATTGCAGTACGCAC
valV,1,tRNA,1744459,1744535,CGTTCATAGCTCAGTTGGTTAGAGCACCACCTTGACATGGTGGGGGTCGTTGGTTCGAGTCCAATTGAACGCACCA
valW,1,tRNA,1744540,1744616,CGTCCGTAGCTCAGTTGGTTAGAGCACCACCTTGACATGGTGGGGGTCGGTGGTTCGAGTCCACTCGGACGCACCA
leuZ,-1,tRNA,1989839,1989925,TATAACTACCCGCGACATCCAACCCAGCGTCGGTTTTGCCAGCCGTGGTTCGCTGCTGCCTGGCAAAGTCGTTGAAGGGCTGCCGG
cysT,-1,tRNA,1989938,1990011,CGTTAATAATGTCGATGTTAACTTCTTCCGCGTTAAGCCAGAATCTCTGCCAGCATTCATTAGCCAATGGGAA
glyW,-1,tRNA,1990066,1990141,TGGTCTACACCGGACGGTTTGATCTCAATCCTGCGCGTAACACCCGTGAAAAATTATTGCTGCCGCTGGGCGATA
serU,-1,tRNA,2041492,2041581,CCGTCGTGCGCTTCATCACGATTAAAAGATCCAGTTCGGCACCTTTCAACGGTAACGTTGATTCAATCAGAGTAATGGCATTCCATGAA
asnT,1,tRNA,2042573,2042648,CCTCTGTAGTTCAGTCGGTAGAACGGCGGACTGTTAATCCGTATGTCACTGGTTCGAGTCCAGTCAGAGGAGCCA
asnW,-1,tRNA,2056051,2056126,CCGATTCCCCTGTAAGTCGGGTAATAACAACACTCATATAAAGAATAAGGTTTTTACAACCAAAAAAGAAGGTCG
asnU,1,tRNA,2057875,2057950,CCTCTGTAGTTCAGTCGGTAGAACGGCGGACTGTTAATCCGTATGTCACTGGTTCGAGTCCAGTCAGAGGAGCCA
asnV,1,tRNA,2060284,2060359,CCTCTGTAGTTCAGTCGGTAGAACGGCGGACTGTTAATCCGTATGTCACTGGTTCGAGTCCAGTCAGAGGAGCCA
proL,1,tRNA,2284233,2284309,GGCACGTAGCGCAGCCTGGTAGCGCACCGTCATGGGGTGTCGGGGGTCGGAGGTTCAAATCCTCTCGTGCCGACCA
argW,1,tRNA,2464331,2464405,TCCTCTTAGTTAAATGGATATAACGAGCCCCTCCTAAGGGCTAATTGCAGGTTCGATTCCTGCAGGGGACACCA
pawZ,1,tRNA,2474606,2474620,TGCAGGGGACACCA
alaX,-1,tRNA,2516063,2516138,TTCCGCCTGGCGCTACAAACGAGAAGAGGGGGCCGCCACGGTGTGGCGCTGCCCGCTGTATGTGCCAAAACAGCC
alaW,-1,tRNA,2516178,2516253,GTCAGCAGTTTCTTTCCGCTGATGGCGCAACGTCGCTGGAAGCCGGATCGCATTATTGGCGTGGTGCCAACGCTG
valU,1,tRNA,2518953,2519028,GGTGATTAGCTCAGCTGGGAGAGCACCTCCCTTACAAGGAGGGGGTCGGCGGTTCGATCCCGTCATCACCCACCA
valX,1,tRNA,2519073,2519148,GGTGATTAGCTCAGCTGGGAGAGCACCTCCCTTACAAGGAGGGGGTCGGCGGTTCGATCCCGTCATCACCCACCA
valY,1,tRNA,2519195,2519270,GGTGATTAGCTCAGCTGGGAGAGCACCTCCCTTACAAGGAGGGGGTCGGCGGTTCGATCCCGTCATCACCCACCA
lysV,1,tRNA,2519275,2519350,GGTCGTTAGCTCAGTTGGTAGAGCAGTTGACTTTTAATCAATTGGTCGCAGGTTCGAATCCTGCACGACCCACCA
rrfG,-1,rRNA,2724091,2724210,TTTATTTTTAATCTGCGCTTCAGTCGTCGAAGCGGGCGTTTCCTGACTCATGTGCATCCCAAAGTAAGCGGCTGTCCAGCCATTCCACAGCAAGAATAGTCAAAATTACCGCTGCGCCG
rrlG,-1,rRNA,2724303,2727206,GACCAGCGACCAATCCAGGTCACCATCCGCAGTAACAGAATGCGTGTGCGTAAACCTTGCTGGCATTTAAAATGAATGCTCAACAGTAAAGTGAACATGACGATCACTTTAGTAAACGGTACCAGAATACTGGCGATAAACACGATTCCTGCAACCGCAATGTTGCTACTTGCCAGCGACATAATTCCGGAAAGAATTGTATCTTCCTGCCGTCCTCCGTTCAGATAAATGATAGAAATAGGCAACAGGTTGGCAGGTAACAATAAAACGATTGACGCTAACAGCGCCGCCCAGCATTTTTGCAGACTATGACGGCGACGCAGGCGTAGCGGGATATGGCAACGCGGGCAGCGACCACGCTGATCTGGATAGCCGGTAAAATGGCACCCAAGACAGACACGAAGTTTCTCGTCCCTACGCGTAGCGGGGCGCTGCGGATAAAATCGCTCCCACAGTTCTTCGACATTAAGATGTGACAACGTCACCGTCGTTAAAATCACCAACGCCACAAAAGAGAACAAGCCGACACCAGCCTGGATATGGGCATAATCCTGTACCTTTATAGAAGCAACGCCAATGCCGACCAGGTAGATATCGAGCATTACCCACTCTTTAAGTCGCTCAAGCATCAGCAGTACCGGACGTAAATTCATTCCCAGTCGGTTACCAAACCATAAATAAGCTATGGAGGTCACCAGAATGAGCGGGGCACCAATAACGCAGAAAAAGACCATCGACCCCGTTATCGCATCGCCCTGTTTGGTCATTTGCCAGATGCCTTGCATAACGTTGGCGTCAATACGAATGCCTAACAGCCAGATATGCAACAGCGGTTCGCCCCAGGCAAACGGCATAAGCAACAGCATGGTGAAGGCCATTGCCGCCAGGCGCGTTAGCGACCAGTCGCGCCCGTCACGAATTTTTGCCTGACAGCGCGGACAATAGGCACTTTGATGAGAATTTATCTCGGGCAGGCTAAACAGCATGTCACATTGCGGGCAACGTTGGTAATCACCACGCGGCAGTTCCTCGCCGATTGCCCTCACTGTTATCTTTTTTGTCGGCGTAATTTGTGGTGTGTTAAGAGCCATGACGTGCCAAATGTAATAAGAATTAACATTAATCTTAACCCATGATGGGAATGATCTTGAGCATTAACGCATTTAATGCTTATTTTAATAGGCTGGCAGATCCAGGTAAGACAACCAAGTGATTATATAATGAACAAAACAGAATTTTACGCGGATTTAAATCGCGACTTTAACGCGCTGATGGCGGGAGAAACCAGTTTTCTGGCAACGCTTGCGAACACCAGTGCGTTGTTATATGAGCGTCTCACTGACATAAACTGGGCAGGTTTTTATTTGCTTGAGGACGATACACTGGTACTCGGACCATTTCAGGGCAAAATTGCCTGTGTCCGGATACCCGTCGGGCGCGGCGTGTGCGGCACTGCGGTTGCCCGCAATCAAGTGCAGCGTATCGAGGATGTTCATGTGTTTGACGGGCATATTGCCTGTGATGCGGCGAGTAATTCTGAAATTGTTCTGCCGCTGGTGGTGAAAAATCAGATTATTGGTGTTCTCGACATCGATAGTACCGTCTTCGGTCGCTTTACAGACGAGGACGAGCAAGGCTTACGTCAGCTTGTGGCACAGCTTGAAAAAGTGCTTGCAACGACGGATTACAAAAAATTCTTTGCGAGCGTCGCAGGATAATCAACGGATAACGTAGCATTTACTGATAGCGTCATTATAATGACGCCTGTTCATGCCTGCGCTTGTTGGCTACGTCCGTTGTAATCAGGAAATTTCATGGAAAATCAACCTAAGTTGAATAGCAGTAAAGAAGTAATCGCGTTTCTGGCCGAACGTTTTCCCCACTGTTTCAGTGCGGAAGGTGAAGCGCGTCCGCTGAAAATCGGTATTTTTCAGGATTTGGTCGATCGTGTTGCTGGGGAAATGAACCTGAGCAAAACGCAATTGCGATCCGCTTTACGTCTCTACACTTCGAGCTGGCGTTATCTTTACGGTGTTAAACCCGGCGCAACGCGTGTCGATCTTGACGGCAACCCATGCGGTGAGCTGGACGAGCAACATGTAGAGCATGCTCGCAAGCAGCTTGAAGAAGCGAAAGCGCGTGTTCAGGCACAGCGTGCTGAACAGCAAGCGAAAAAACGCGAAGCTGCCGCAACTGCTGGTGAGAAAGAAGACGCACCGCGCCGCGAACGCAAGCCACGTCCGACTACGCCACGCCGCAAAGAAGGCGCTGAACGTAAACCTCGTGCGCAAAAGCCGGTAGAGAAAGCGCCAAAAACAGTAAAAGCACCTCGCGAAGAACAGCACACCCCGGTTTCTGACATTTCAGCTCTGACTGTCGGACAAGCCCTGAAGGTGAAAGCGGGTCAAAACGCGATGGATGCCACCGTATTAGAAATCACCAAAGACGGCGTCCGCGTCCAGCTGAATTCGGGTATGTCTTTGATTGTGCGCGCAGAACACCTGGTGTTCTGAAACGGAGGCCGGGCCAGGCATGAACATGTTTTTTAGGCTTACCGCGTTAGCTGGCCTGCTTGCAATAGCAGGCCAGACCTTCGCTGTAGAAGATATCACGCGTGCTGATCAAATTCCGGTATTAAAGGAAGAGACGCAGCATGCGACGGTAAGTGAGCGCGTAACGTCGCGCTTCACCCGTTCTCATTATCGCCAGTTCGACCTCGATCAGGCATTTTCGGCCAAAATCTTTGACCGCTACCTGAATCTGCTCGATTACAGCCACAACGTGCTGCTGGCAAGCGATGTTGAACAGTTCGCGAAAAAGAAAACCGAGTTAGGCGATGAACTGCGTTCAGGCAAACTCGACGTTTTCTACGATCTCTACAATCTGGCGCAAAAGCGCCGTTT
gltW,-1,tRNA,2727391,2727466,AAATTCGTGAAACCCTGACTCGCCGCTACAAATTTGCCATTCGTCGTCTGGCGCAAACCAACAGCGAAGATGTTT
rrsG,-1,rRNA,2727638,2729179,TCCGGCAGCGAAGAGTAAAGCTATCAGCGTTGGTGACAAAATTGTCGGTGTTGGTCAAACAGGCAAGCCGATGGTTGACGTGATTGGCTGGCGTCTTGATGATGTGGTTGCCTTAATTAAAGGGCCGAAGGGCAGTAAAGTTCGTCTGGAAATTTTACCTGCTGGTAAAGGGACCAAGACCCGTACTGTAACGTTGACCCGTGAACGTATTCGTCTCGAAGACCGCGCGGTTAAAATGTCGGTGAAGACCGTCGGTAAAGAGAAAGTCGGCGTGCTGGATATTCCGGGCTTCTATGTGGGTTTGACAGACGATGTCAAAGTGCAACTGCAGAAACTGGAAAAACAGAATGTCAGCAGCGTCATCATCGACCTGCGTAGCAATGGCGGTGGGGCGTTAACTGAAGCCGTATCGCTCTCCGGTCTGTTTATTCCTGCGGGTCCCATTGTTCAGGTCCGCGATAACAACGGCAAGGTTCGTGAAGATAGCGATACCGACGGACAGGTTTTCTATAAAGGCCCGCTGGTGGTGCTGGTTGACCGCTTCAGTGCTTCGGCTTCAGAAATCTTTGCCGCGGCAATGCAGGATTACGGTCGTGCGCTGGTTGTGGGTGAACCGACGTTTGGTAAAGGCACCGTTCAGCAATACCGTTCATTGAACCGTATTTACGATCAGATGTTACGTCCTGAATGGCCAGCGCTGGGTTCTGTGCAGTACACGATCCAGAAATTCTATCGCGTTAACGGCGGCAGTACGCAACGTAAAGGCGTAACGCCAGACATCATCATGCCGACGGGTAATGAAGAAACGGAAACGGGTGAGAAATTCGAAGATAACGCGCTGCCGTGGGATAGCATTGATGCCGCGACTTATGTGAAATCAGGAGATTTAACGGCCTTTGAACCGGAGCTGCTGAAGGAACATAATGCGCGTATCGCGAAAGATCCTGAGTTCCAGAACATCATGAAGGATATCGCGCGCTTCAACGCTATGAAGGACAAGCGCAATATCGTTTCTCTGAATTACGCTGTGCGTGAGAAAGAGAATAATGAAGATGATGCGACGCGTCTGGCGCGTTTGAACGAACGCTTTAAACGCGAAGGTAAACCGGAGTTGAAGAAACTGGATGATCTACCGAAAGATTACCAGGAGCCGGATCCTTATCTGGATGAGACGGTGAATATCGCACTCGATCTGGCGAAGCTTGAAAAAGCCAGACCCGCGGAACAACCCGCTCCCGTCAAGTAATATCAATCAGGCACAAGAAATTGTGCCTGATTTTTTAACAGCGACAAGATGCCGTAAATCAGATGCTACAAAATGTAAAGTTGTGTCTTTCTGGTGACTTACGCACTATCCAGACTTGAAAATAGTCGCGTAACCCATACGATGTGGGTATCGCATATTGCGTTTTGTTAAACTGAGGTAAAAAGAAAATTATGATGCGAATCGCGCTCTTCCTGCTAACGAACCTGGCCGTAATGGTCGTTTTCGGGCTGGTACTGAGCCTGACAGGGATACAGTCGAGCAGCGTTCAGGGGCT
ileY,-1,tRNA,2783784,2783859,GATGTACAACAGGCATTTGAAGAGTCAGTTAACAACAAACGCGACATTATTAAAGGCGTTATTAAAATTAGCGAT
argQ,-1,tRNA,2815806,2815882,TTCATAATCTCTGCAAAATCATCGTGTTGTAATATTCTCTCATCACTCTCCATCAAATTTTCTTTTTTTCTCCATA
argZ,-1,tRNA,2816081,2816157,ACCTGGCCCATGCCGCAGACACCACTACCGCAGCACCGGCTGACGCGAAGCCGATGATGCACCACAAAGGCAAGTT
argY,-1,tRNA,2816220,2816296,CCGCGAAATCATGAAAGGCCAGCGTGACCAGATGAAACGTCCGCCGCTGGAAGAACGCCGCGCAATGCATGACATC
argV,-1,tRNA,2816495,2816571,CTGCAACTGCTGAATAATCTTTCAGCCAAAAAACTTAAGACCGCCGGTCTTGTCCACTACCTTGCAGTAATGCGGT
serV,-1,tRNA,2816575,2816667,AGGATCGGCGGTTTTCTTTTCTCTTCTCAAACAGTTGTAAAAAAAGCCTGATCACCACTAACGTAAATCACCCGAGTTGCCGATAACCATCC
metZ,1,tRNA,2945409,2945485,GCGGGGTGGAGCAGCCTGGTAGCTCGTCGGGCTCATAACCCGAAGGTCGTCGGTTCAAATCCGGCCCCCGCAACCA
metW,1,tRNA,2945519,2945595,GCGGGGTGGAGCAGCCTGGTAGCTCGTCGGGCTCATAACCCGAAGGTCGTCGGTTCAAATCCGGCCCCCGCAACCA
metV,1,tRNA,2945629,2945705,GCGGGGTGGAGCAGCCTGGTAGCTCGTCGGGCTCATAACCCGAAGGTCGTCGGTTCAAATCCGGCCCCCGCAACCA
glyU,-1,tRNA,2997006,2997079,TCTACAATCTTGCGCGGGGCTGAACTCCCGCTGAGTAACACCGTGCCACCGGAGAAAACCGATGGCACGCAAC
pheV,1,tRNA,3108388,3108463,CCCGGATAGCTCAGTCGGTAGAGCAGGGGATTGAAAATCCCCGTGTCCTTGGTTCGATTCCGAGTCCGGGCACCA
ileX,1,tRNA,3213620,3213695,GCCCCTTAGCTCAGTGGTTAGAGCAGGCGACTCATAATCGCTTGGTCGCTGGTTCAAGTCCAGCAGGGGCCACCA
metY,-1,tRNA,3316235,3316311,GCGTGAGGCCAGCGGTAGAGGACCGTGAAATCTTCACGATAAAACGGATCGCGGGATTCAATTCTTCCGTCCTCAA
leuU,-1,tRNA,3320094,3320180,ACCTGCATTGTGATCCGCTCGGCGCTGGTGGAAAACGGTATCGCCACCGTGCAAGCGGGTGCTGGTGTAGTCCTTGATTCTGTTCC
rrfF,-1,rRNA,3421445,3421564,AATCCAGATTATTACTATTGTTCATGCTACTAATGGCAATCCTGTCAAAACTTTCAAACAATTATAGCAAACAAAATAATGAACAATAGTAACAAGAGGCAACGAGCTAATTAGCTGTC
thrV,-1,tRNA,3421602,3421677,CACTCAACCACAACCTTCACCTTCGGTTTAGAAAGGATAATTTTGACCAGGTCGATGTATGTAACAGGTTTATAG
rrfD,-1,rRNA,3421690,3421809,GCTGAAATGTGATATAATTTTGGTTCAGATAGTCAAGTTGTTCTTTCGTTTCGACACCTTCAGCGACGATACTGATCGAAAGTTTACGCGCCAGATCCAATACACAATCCAGAATTCGG
rrlD,-1,rRNA,3421902,3424805,TAGCCAGTACCGAAATCATCCAGTGCGATGACAAAACCATTTTCATGCAGTATGTTCAACCGCTGAACCAGACTTTCATCAACATTCAATGGCTCACGCTCGGTGACTTCCAGAACAAGGTTTAAATCGCGGCGGGTAAAACTGTCACGGAAATTTAAACACTCGTCGACAAACGTCGGCGAAATAATATGCGAAGCGCTAAAATTAATTCCAATATGAAAACCTTCCGGCAATTTACTCGCGATAGCGTTCATCTGTCTGGCAACCTGATTCATCAGGCTTTGCGTAAGCGGAACGATTAATCCGGATTTTTCAGCAAGTGGAATAAATGCCGCGGGTGATATATATCCACCGTGAGGTTGTTTCCAGCGGGCTAACACCTCAACTCCCCGCAATGTCCCTTCCCGACCATTTACCACAGGTTGGTAAAAAGGGACGATCTCCCCATTATTTATTGCCCGTCGCAGGATCTCTTCAGGCGTTGCGCTTTTATTGAAATATCTATCAAGCAGGAAGGCAGCGGCGCAGGCGATTAACAGAATAAATATTAAAATCCCAAAGCCTTTATCGATAAGTCTGTAGAAGCTAAAGAGTGGCGGCGGGTTAAAGATAATAGTGAAATGATATTTTGTGGAGTGAACCTTCTCGGTATAGGGATAATGTCCATTAAGCGTCATCACATCACCCGTTGGTCCAATAATGTCATCCGCCACGCGTAATACATACCTTACCCCTTTCAAGGGTACATTAAGTGCCCCACGAATATGCTGATCGCTTATCGTAACCAAAATGCGCGTATCTGCAAATTGGTTCTGATAGAGCAGGATAGGTAATCTATTAACGGTGTCGATTGCTGGAGCCAACAGTAAATTACTGTCCGGGAAAACAGGAATACGAGACAACAGGACCCGATTCCCAGGCAGGGATGTACACCAGACTATTCCCTGTTTGAGAATGATGATTGTGCGCAGGTGAGGTTTCAGAGCTGCTTCAGTGCCAAGCTGATATTGCTCCTCGAGGTTGCATTCCTTCCCGGCAATGTTAACCGCTGTTTGAGTCGCTTGTGACGCTTCTTCAAGTATATGATTGATATTGTTGGCGGCATATCTCGCTCCCGCCAGGTACTCTGCTTTTGCGGAATACCAGAGCTGGATGTTCAAAATAGCGACACCGGTAATAAACAAGCATATCGCAACGAGGATGGGTATGAGTGTATTGCGCATTTGCTTGTCCCGGCCAAAGGGTTTAATACATGAAAATGCCATTCATTCGCTCGCGCTGGCATCTACAGAGAGCATGGTAGAGAGCATAAGAAATATCCACGCCGAAGATAAAATTTTCTCCATCTTGATCTAACCCATTAATTATTGAGCATAATGTAGGCAGTACAAAATAAGTTAGGCGGGATATCAGGCGTCAAGAATGGAGAGCGAGAACTCTCCATTCTTGACACCTGATATTGCGGACATAATAAGAAAGCATAACGCCTGAAATGCTCACTTTGCATCAGCATGGTGATACAGCTGATGTTTATTCTAAAACCTTACTCAAGTTCTAAGAGAGCACGGATTCCCTGTCATTAATAATGATATCCGTTAGTGTAGTCTTATGCATTTCAATGTACTGCAATATTTGCAGATAGAGATCAGAAAGAATCACACTGGTTTCATCTTTTAAACGCAAGCGTAAAGCCTGATCAATAATATGACTATCAACATACCCATGCGTCATGAACACCTCCCTCTCGAGATTTTTAAACAAAGCACATTGAAAAATAAATCTCTCTGGGATTGAATTATTCATGTCAGCCTCGTAGAAATATTAACCCAATAAAATTATGCTGTGTATAGTCTAAAGCGACAGACAAAAATAAGATGAATGAGTTTTCTATAAACTTATACTTAATAATTAGAAGTTACATATCATCAGCTGTGTATCGCAACACGATTTCCAGTGTTTTTCTAATCACATCAGCTTTGAGAATATCACTTGTTGTTTCCAAGGAGTGTATCAGACTTAAGATAATATTTTTATTATTAACATTATCGCCTGAAAGCATTAAATTGGTGACAGCCTGCCCTAACACTGCTGATTCTTCTTCTAACAAATTACCCGAACTGCGAAAGTAACTTGCTAACGCTTTATCAGTTATTGCATTATGAATTGTAGTATCTTCAAGCATGGTAACCTCTCATCTTACTTATGAAATTTTAATGTATTCTGTTTATTTTCTTACCATTGAACATACTTTTATTGTCAGCTGTCGCTGTTCTTCGGTTTGGCCCTCCTGAATCACTATTGCTAAAATCACGAATTATGCTGTCAATTAAATCGCGTCGGAAAGCATCTTCCTCAGCCGATTTCATTACGAGTAATTGCTTAATAAGAGTCTGCAATGAAAAATTTATCTTCATGCGCAGTATCTGGAGCACCGCCTGGCCAGTAATTTCATATTTTATACGTTCATTATCAGATGTCTTCATAACGACTTCATAGCTAACCTGTTAAATAATCAGGCTGTTGCATTATTCAAAAAGCAACCCAATTAGTGCATTATAATGTTTCTGTTCCTCTTCCCCAGTCGCGTGTTCCAGTCGGCAAAGAAGTTTGGCACAAAGCGACTTTCGACTCAGATTACGTCCATCTTTCAAAATCTCAGTCACAATTTCCCCGAGAGTTTCCTGCTGAGTATGCAAGTTAGCTTTTGCAAAGTAACGAGTGATTGCTCCCGCAGAATCTAAAGTCACTGAATTTTGATGCATGCTACGCCTCTGTTAAAAATGTTAATCAATGTTAAGTGAAGTAACAATAGCAAACTTGTACGAAATATGTGTACAGAATGATAAATTAATTTTTTGCAATTAGTGCTAATGCATATAAAACAATGTGTTATGATAAAACAT
alaU,-1,tRNA,3424980,3425055,CTTACCACCCTTATTTATCGTAGCCATATACGTGACGACGAACCTGTCAAAAAAATCGAAGAAATGGTTTCGATA
ileU,-1,tRNA,3425098,3425174,TGTTTAATGGTTCTCATTTTTTCCAGCTTCTGGAAGGTCCGGAAGAACAGGTTAAAATGATATATCGGGCTATATG
rrsD,-1,rRNA,3425243,3426784,AGCGGGAATGGAATTATTTGATTTGCGCCTGCACGAGCGAGATGACGTTTTACAGGCCGTATTCGACAAAGGCACATCAAAATTTCAGCTAACTTATGATGACAGAGCGCTACAATTTTTTCGTACTTTTGTCCTTGCAACCGAACAATCAACCTATTTCGAGATCCCTGCCGAAGACTCCTGGCTTTTTATCGCTGACGGATCTGATAAAGAACTTGATTCCTGTGCCCTTTCACCAACTATAAACGACCACTTTGCCTTTCATCCTATTGTCGATCCCTTATCGCGGCGGATAATCGCTTTTGAAGCCATTGTGCAAAAAAATGAAGATAGCCCATCAGCCATAGCGGTTGGGCAGCGTAAAGACGGGGAAATCTACACAGCGGATCTCAAAAGTAAGGCGCTTGCATTCACGATGGCACACGCACTTGAGCTCGGTGATAAAATGATTTCAATCAATCTATTACCTATGACCCTGGTTAACGAACCTGACGCAGTCTCTTTTTTACTTAATGAAATAAAGGCCAATGCTCTGGTGCCTGAACAAATCATCGTTGAATTTACTGAAAGTGAAGTCATATCTCGGTTTGATGAGTTTGCCGAAGCGATTAAATCGCTAAAGGCTGCTGGTATCAGTGTAGCAATTGATCATTTTGGCGCAGGTTTTGCTGGTTTGTTACTCCTGTCACGCTTCCAGCCTGACAGAATTAAAATCAGTCAGGAATTGATTACCAATGTTCATAAAAGTGGGCCACGGCAGGCAATTATTCAGGCGATCATAAAATGCTGTACATCACTTGAAATTCAAGTCAGTGCTATGGGCGTGGCAACACCAGAAGAGTGGATGTGGCTTGAATCCGCAGGAATTGAGATGTTTCAGGGAGATCTGTTTGCTAAAGCTAAATTGAATGGTATCCCTTCCATAGCGTGGCCAGAGAAAAAATAATTTTCAGCACATTCTTTCACATGATTTCAGTAAATCATCGTGAAAATGAATACGTTACGTTTAAATTTAATCCACATTAAAAATAATGTTTCATCCAATTTAGCTGAAATCTTATTTATACTTTGTACAATTTTAGCGTATATTGTACAAAGTATTATTGGGTCGTGTACAGGCGACGGAGATTTGTGACCGCAAGGAGGAATTGTGGCTTATTACAGCATTGGTGATGTTGCTGAACGTTGCGGGATTAATCCTGTCACTCTCCGGGCCTGGCAACGCCGCTACGGTTTGTTAAAACCACAGCGCAGTGAAGGCGGACACCGACTCTTTGATGAAGAAGACATACAACGCATCGAAGAGATCAAGCGTTGGATAAGTAATGGCGTCCCTGTAGGCAAAGTTAAAGCATTACTGGAAACCACCAGCCAGGATACGGAAGATGACTGGAGCCGCCTGCAAGAAGAGATGATGTCAATTCTTCGCATGGCTAATCCTGCCAAACTACGCGCGAGAATTATTTCACTGGGTCGAGAGTACCCAGTAGATCAATTGATTAATCATGTTTACCTTCCTGTTCGCCAGCGTCTCGTGCTTG
proK,-1,tRNA,3706639,3706715,ATGTTTAAAATCCAGCCGCCGAGTTTTTCAGCAATGGTCACCCATGACCAACCGGTGAACAACGTCAGGCCCGCTG
selC,1,tRNA,3834245,3834339,GAAGATCGTCGTCTCCGGTGAGGCGGCTGGACTTCAAATCCAGTTGGGGCCGCCAGCGGTCCCGGGCAGGTTCGACTCCTGTGATCTTCCGCCA
rrsC,1,rRNA,3939831,3941372,AATTGAAGAGTTTGATCATGGCTCAGATTGAACGCTGGCGGCAGGCCTAACACATGCAAGTCGAACGGTAACAGGAAACAGCTTGCTGTTTCGCTGACGAGTGGCGGACGGGTGAGTAATGTCTGGGAAACTGCCTGATGGAGGGGGATAACTACTGGAAACGGTAGCTAATACCGCATAACGTCGCAAGACCAAAGAGGGGGACCTTCGGGCCTCTTGCCATCAGATGTGCCCAGATGGGATTAGCTAGTAGGTGGGGTAACGGCTCACCTAGGCGACGATCCCTAGCTGGTCTGAGAGGATGACCAGCCACACTGGAACTGAGACACGGTCCAGACTCCTACGGGAGGCAGCAGTGGGGAATATTGCACAATGGGCGCAAGCCTGATGCAGCCATGCCGCGTGTATGAAGAAGGCCTTCGGGTTGTAAAGTACTTTCAGCGGGGAGGAAGGGAGTAAAGTTAATACCTTTGCTCATTGACGTTACCCGCAGAAGAAGCACCGGCTAACTCCGTGCCAGCAGCCGCGGTAATACGGAGGGTGCAAGCGTTAATCGGAATTACTGGGCGTAAAGCGCACGCAGGCGGTTTGTTAAGTCAGATGTGAAATCCCCGGGCTCAACCTGGGAACTGCATCTGATACTGGCAAGCTTGAGTCTCGTAGAGGGGGGTAGAATTCCAGGTGTAGCGGTGAAATGCGTAGAGATCTGGAGGAATACCGGTGGCGAAGGCGGCCCCCTGGACGAAGACTGACGCTCAGGTGCGAAAGCGTGGGGAGCAAACAGGATTAGATACCCTGGTAGTCCACGCCGTAAACGATGTCGACTTGGAGGTTGTGCCCTTGAGGCGTGGCTTCCGGAGCTAACGCGTTAAGTCGACCGCCTGGGGAGTACGGCCGCAAGGTTAAAACTCAAATGAATTGACGGGGGCCCGCACAAGCGGTGGAGCATGTGGTTTAATTCGATGCAACGCGAAGAACCTTACCTGGTCTTGACATCCACGGAAGTTTTCAGAGATGAGAATGTGCCTTCGGGAACCGTGAGACAGGTGCTGCATGGCTGTCGTCAGCTCGTGTTGTGAAATGTTGGGTTAAGTCCCGCAACGAGCGCAACCCTTATCCTTTGTTGCCAGCGGTCCGGCCGGGAACTCAAAGGAGACTGCCAGTGATAAACTGGAGGAAGGTGGGGATGACGTCAAGTCATCATGGCCCTTACGACCAGGGCTACACACGTGCTACAATGGCGCATACAAAGAGAAGCGACCTCGCGAGAGCAAGCGGACCTCATAAAGTGCGTCGTAGTCCGGATTGGAGTCTGCAACTCGACTCCATGAAGTCGGAATCGCTAGTAATCGTGGATCAGAATGCCACGGTGAATACGTTCCCGGGCCTTGTACACACCGCCCGTCACACCATGGGAGTGGGTTGCAAAAGAAGTAGGTAGCTTAACCTTCGGGAGGGCGCTTACCACTTTGTGATTCATGACTGGGGTGAAGTCGTAACAAGGTAACCGTAGGGGAACCTGCGGTTGGATCACCTCCTTA
gltU,1,tRNA,3941458,3941533,TCCCCTTCGTCTAGAGGCCCAGGACACCGCCCTTTCACGGCGGTAACAGGGGTTCGAATCCCCTAGGGGACGCCA
rrlC,1,rRNA,3941727,3944630,GTTAAGCGACTAAGCGTACACGGTGGATGCCCTGGCAGTCAGAGGCGATGAAGGACGTGCTAATCTGCGATAAGCGTCGGTAAGGTGATATGAACCGTTATAACCGGCGATTTCCGAATGGGGAAACCCAGTGTGTTTCGACACACTATCATTAACTGAATCCATAGGTTAATGAGGCGAACCGGGGGAACTGAAACATCTAAGTACCCCGAGGAAAAGAAATCAACCGAGATTCCCCCAGTAGCGGCGAGCGAACGGGGAGCAGCCCAGAGCCTGAATCAGTATGTGTGTTAGTGGAAGCGTCTGGAAAGGCGCGCGATACAGGGTGACAGCCCCGTACACAAAAATGCACATATTGTGAGCTCGATGAGTAGGGCGGGACACGTGGTATCCTGTCTGAATATGGGGGGACCATCCTCCAAGGCTAAATACTCCTGACTGACCGATAGTGAACCAGTACCGTGAGGGAAAGGCGAAAAGAACCCCGGCGAGGGGAGTGAAAAAGAACCTGAAACCGTGTACGTACAAGCAGTGGGAGCACGCTTAGGCGTGTGACTGCGTACCTTTTGTATAATGGGTCAGCGACTTATATTCTGTAGCAAGGTTAACCGAATAGGGGAGCCGAAGGGAAACCGAGTCTTAACTGGGCGTTAAGTTGCAGGGTATAGACCCGAAACCCGGTGATCTAGCCATGGGCAGGTTGAAGGTTGGGTAACACTAACTGGAGGACCGAACCGACTAATGTTGAAAAATTAGCGGATGACTTGTGGCTGGGGGTGAAAGGCCAATCAAACCGGGAGATAGCTGGTTCTCCCCGAAAGCTATTTAGGTAGCGCCTCGTGAATTCATCTCCGGGGGTAGAGCACTGTTTCGGCAAGGGGGTCATCCCGACTTACCAACCCGATGCAAACTGCGAATACCGGAGAATGTTATCACGGGAGACACACGGCGGGTGCTAACGTCCGTCGTGAAGAGGGAAACAACCCAGACCGCCAGCTAAGGTCCCAAAGTCATGGTTAAGTGGGAAACGATGTGGGAAGGCCCAGACAGCCAGGATGTTGGCTTAGAAGCAGCCATCATTTAAAGAAAGCGTAATAGCTCACTGGTCGAGTCGGCCTGCGCGGAAGATGTAACGGGGCTAAACCATGCACCGAAGCTGCGGCAGCGACGCTTATGCGTTGTTGGGTAGGGGAGCGTTCTGTAAGCCTGCGAAGGTGTGCTGTGAGGCATGCTGGAGGTATCAGAAGTGCGAATGCTGACATAAGTAACGATAAAGCGGGTGAAAAGCCCGCTCGCCGGAAGACCAAGGGTTCCTGTCCAACGTTAATCGGGGCAGGGTGAGTCGACCCCTAAGGCGAGGCCGAAAGGCGTAGTCGATGGGAAACAGGTTAATATTCCTGTACTTGGTGTTACTGCGAAGGGGGGACGGAGAAGGCTATGTTGGCCGGGCGACGGTTGTCCCGGTTTAAGCGTGTAGGCTGGTTTTCCAGGCAAATCCGGAAAATCAAGGCTGAGGCGTGATGACGAGGCACTACGGTGCTGAAGCAACAAATGCCCTGCTTCCAGGAAAAGCCTCTAAGCATCAGGTAACATCAAATCGTACCCCAAACCGACACAGGTGGTCAGGTAGAGAATACCAAGGCGCTTGAGAGAACTCGGGTGAAGGAACTAGGCAAAATGGTGCCGTAACTTCGGGAGAAGGCACGCTGATATGTAGGTGAAGCGACTTGCTCGTGGAGCTGAAATCAGTCGAAGATACCAGCTGGCTGCAACTGTTTATTAAAAACACAGCACTGTGCAAACACGAAAGTGGACGTATACGGTGTGACGCCTGCCCGGTGCCGGAAGGTTAATTGATGGGGTCAGCGCAAGCGAAGCTCTTGATCGAAGCCCCGGTAAACGGCGGCCGTAACTATAACGGTCCTAAGGTAGCGAAATTCCTTGTCGGGTAAGTTCCGACCTGCACGAATGGCGTAATGATGGCCAGGCTGTCTCCACCCGAGACTCAGTGAAATTGAACTCGCTGTGAAGATGCAGTGTACCCGCGGCAAGACGGAAAGACCCCGTGAACCTTTACTATAGCTTGACACTGAACATTGAGCCTTGATGTGTAGGATAGGTGGGAGGCTTTGAAGTGTGGACGCCAGTCTGCATGGAGCCGACCTTGAAATACCACCCTTTAATGTTTGATGTTCTAACGTGGACCCGTGATCCGGGTTGCGGACAGTGTCTGGTGGGTAGTTTGACTGGGGCGGTCTCCTCCTAAAGAGTAACGGAGGAGCACGAAGGTTGGCTAATCCTGGTCGGACATCAGGAGGTTAGTGCAATGGCATAAGCCAGCTTGACTGCGAGCGTGACGGCGCGAGCAGGTGCGAAAGCAGGTCATAGTGATCCGGTGGTTCTGAATGGAAGGGCCATCGCTCAACGGATAAAAGGTACTCCGGGGATAACAGGCTGATACCGCCCAAGAGTTCATATCGACGGCGGTGTTTGGCACCTCGATGTCGGCTCATCACATCCTGGAGCTGAAGTAGGTCCCAAGGGTATGGCTGTTCGCCATTTAAAGTGGTACGCGAGCTGGGTTTAGAACGTCGTGAGACAGTTCGGTCCCTATCTGCCGTGGGCGCTGGAGAACTGAGGGGGGCTGCTCCTAGTACGAGAGGACCGGAGTGGACGCATCACTGGTGTTCGGGTTGTCATGCCAATGGCACTGCCCGGTAGCTAAATGCGGAAGAGATAAGTGCTGAAAGCATCTAAGCACGAAACTTGCCCCGAGATGAGTTCTCCCTGACTCCTTGAGAGTCCTGAAGGAACGTTGAAGACGACGACGTTGATAGGCCGGGTGTGTAAGCGCAGCGATGCGTTGAGCTAACCGGTACTAATGAACCGTGAGGCTTAACCTT
rrfC,1,rRNA,3944723,3944842,GCCTGGCGGCCGTAGCGCGGTGGTCCCACCTGACCCCATGCCGAACTCAGAAGTGAAACGCCGTAGCGCCGATGGTAGTGTGGGGTCTCCCCATGCGAGAGTAGGGAACTGCCAGGCAT
aspT,1,tRNA,3944895,3944971,GAGCGGTAGTTCAGTCGGTTAGAATACCTGCCTGTCACGCAGGGGGTCGCGGGTTCGAGTCCCGTCCGTTCCGCCA
trpT,1,tRNA,3944980,3945055,GGGGCGTAGTTCAATTGGTAGAGCACCGGTCTCCAAAACCGGGTGTTGGGAGTTCGAGTCTCTCCGCCCCTGCCA
argX,1,tRNA,3980398,3980474,CGCCCGTAGCTCAGCTGGATAGAGCGCTGCCCTCCGGAGGCAGAGGTCTCAGGTTCGAATCCTGTCGGGCGCGCCA
hisR,1,tRNA,3980532,3980608,GTGGCTATAGCTCAGTTGGTAGAGCCCTGGATTGTGATTCCAGTTGTCGTGGGTTCGAATCCCATTAGCCACCCCA
leuT,1,tRNA,3980629,3980715,CGAAGGTGGCGGAATTGGTAGACGCGCTAGCTTCAGGTGTTAGTGTCCTTACGGACGTGGGGGTTCAAGTCCCCCCCCTCGCACCA
proM,1,tRNA,3980758,3980834,GGCGAGTAGCGCAGCTTGGTAGCGCAACTGGTTTGGGACCAGTGGGTCGGAGGTTCGAATCCTCTCTCGCCGACCA
rrsA,1,rRNA,4033554,4035095,AATTGAAGAGTTTGATCATGGCTCAGATTGAACGCTGGCGGCAGGCCTAACACATGCAAGTCGAACGGTAACAGGAAGAAGCTTGCTTCTTTGCTGACGAGTGGCGGACGGGTGAGTAATGTCTGGGAAACTGCCTGATGGAGGGGGATAACTACTGGAAACGGTAGCTAATACCGCATAACGTCGCAAGACCAAAGAGGGGTACCTTCGGGCCTCTTGCCATCGGATGTGCCCAGATGGGATTAGCTAGTAGGTGGGGTAACGGCTCACCTAGGCGACGATCCCTAGCTGGTCTGAGAGGATGACCAGCCACACTGGAACTGAGACACGGTCCAGACTCCTACGGGAGGCAGCAGTGGGGAATATTGCACAATGGGCGCAAGCCTGATGCAGCCATGCCGCGTGTATGAAGAAGGCCTTCGGGTTGTAAAGTACTTTCAGCGGGGAGGAAGGGAGTAAAGTTAATACCTTTGCTCATTGACGTTACCCGCAGAAGAAGCACCGGCTAACTCCGTGCCAGCAGCCGCGGTAATACGGAGGGTGCAAGCGTTAATCGGAATTACTGGGCGTAAAGCGCACGCAGGCGGTTTGTTAAGTCAGATGTGAAATCCCCGGGCTCAACCTGGGAACTGCATCTGATACTGGCAAGCTTGAGTCTCGTAGAGGGGGGTAGAATTCCAGGTGTAGCGGTGAAATGCGTAGAGATCTGGAGGAATACCGGTGGCGAAGGCGGCCCCCTGGACGAAGACTGACGCTCAGGTGCGAAAGCGTGGGGAGCAAACAGGATTAGATACCCTGGTAGTCCACGCCGTAAACGATGTCGACTTGGAGGTTGTGCCCTTGAGGCGTGGCTTCCGGAGCTAACGCGTTAAGTCGACCGCCTGGGGAGTACGGCCGCAAGGTTAAAACTCAAATGAATTGACGGGGGCCCGCACAAGCGGTGGAGCATGTGGTTTAATTCGATGCAACGCGAAGAACCTTACCTGGTCTTGACATCCACGGAAGTTTTCAGAGATGAGAATGTGCCTTCGGGAACCGTGAGACAGGTGCTGCATGGCTGTCGTCAGCTCGTGTTGTGAAATGTTGGGTTAAGTCCCGCAACGAGCGCAACCCTTATCCTTTGTTGCCAGCGGTCCGGCCGGGAACTCAAAGGAGACTGCCAGTGATAAACTGGAGGAAGGTGGGGATGACGTCAAGTCATCATGGCCCTTACGACCAGGGCTACACACGTGCTACAATGGCGCATACAAAGAGAAGCGACCTCGCGAGAGCAAGCGGACCTCATAAAGTGCGTCGTAGTCCGGATTGGAGTCTGCAACTCGACTCCATGAAGTCGGAATCGCTAGTAATCGTGGATCAGAATGCCACGGTGAATACGTTCCCGGGCCTTGTACACACCGCCCGTCACACCATGGGAGTGGGTTGCAAAAGAAGTAGGTAGCTTAACCTTCGGGAGGGCGCTTACCACTTTGTGATTCATGACTGGGGTGAAGTCGTAACAAGGTAACCGTAGGGGAACCTGCGGTTGGATCACCTCCTTA
ileT,1,tRNA,4035164,4035240,GGCTTGTAGCTCAGGTGGTTAGAGCGCACCCCTGATAAGGGTGAGGTCGGTGGTTCAAGTCCACTCAGGCCTACCA
alaT,1,tRNA,4035283,4035358,GGGCTATAGCTCAGCTGGGAGAGCGCCTGCTTTGCACGCAGGAGGTCTGCGGTTCGATCCCGCATAGCTCCACCA
rrlA,1,rRNA,4035542,4038446,GTTAAGCGACTAAGCGTACACGGTGGATGCCCTGGCAGTCAGAGGCGATGAAGGACGTGCTAATCTGCGATAAGCGTCGGTAAGGTGATATGAACCGTTATAACCGGCGATTTCCGAATGGGGAAACCCAGTGTGTTTCGACACACTATCATTAACTGAATCCATAGGTTAATGAGGCGAACCGGGGGAACTGAAACATCTAAGTACCCCGAGGAAAAGAAATCAACCGAGATTCCCCCAGTAGCGGCGAGCGAACGGGGAGCAGCCCAGAGCCTGAATCAGTGTGTGTGTTAGTGGAAGCGTCTGGAAAGGCGTGCGATACAGGGTGACAGCCCCGTACACAAAAATGCACATGCTGTGAGCTCGATGAGTAGGGCGGGACACGTGGTATCCTGTCTGAATATGGGGGGACCATCCTCCAAGGCTAAATACTCCTGACTGACCGATAGTGAACCAGTACCGTGAGGGAAAGGCGAAAAGAACCCCGGCGAGGGGAGTGAAAAAGAACCTGAAACCGTGTACGTACAAGCAGTGGGAGCACGCTTAGGCGTGTGACTGCGTACCTTTTGTATAATGGGTCAGCGACTTATATTCTGTAGCAAGGTTAACCGAATAGGGGAGCCGAAGGGAAACCGAGTCTTAACTGGGCGTTAAGTTGCAGGGTATAGACCCGAAACCCGGTGATCTAGCCATGGGCAGGTTGAAGGTTGGGTAACACTAACTGGAGGACCGAACCGACTAATGTTGAAAAATTAGCGGATGACTTGTGGCTGGGGGTGAAAGGCCAATCAAACCGGGAGATAGCTGGTTCTCCCCGAAAGCTATTTAGGTAGCGCCTCGTGAATTCATCTCCGGGGGTAGAGCACTGTTTCGGCAAGGGGGTCATCCCGACTTACCAACCCGATGCAAACTGCGAATACCGGAGAATGTTATCACGGGAGACACACGGCGGGTGCTAACGTCCGTCGTGAAGAGGGAAACAACCCAGACCGCCAGCTAAGGTCCCAAAGTCATGGTTAAGTGGGAAACGATGTGGGAAGGCCCAGACAGCCAGGATGTTGGCTTAGAAGCAGCCATCATTTAAAGAAAGCGTAATAGCTCACTGGTCGAGTCGGCCTGCGCGGAAGATGTAACGGGGCTAAACCATGCACCGAAGCTGCGGCAGCGACACTATGTGTTGTTGGGTAGGGGAGCGTTCTGTAAGCCTGTGAAGGTGTGCTGTGAGGCATGCTGGAGGTATCAGAAGTGCGAATGCTGACATAAGTAACGATAAAGCGGGTGAAAAGCCCGCTCGCCGGAAGACCAAGGGTTCCTGTCCAACGTTAATCGGGGCAGGGTGAGTCGACCCCTAAGGCGAGGCCGAAAGGCGTAGTCGATGGGAAACAGGTTAATATTCCTGTACTTGGTGTTACTGCGAAGGGGGGACGGAGAAGGCTATGTTGGCCGGGCGACGGTTGTCCCGGTTTAAGCGTGTAGGCTGGTTTTCCAGGCAAATCCGGAAAATCAAGGCTGAGGCGTGATGACGAGGCACTACGGTGCTGAAGCAACAAATGCCCTGCTTCCAGGAAAAGCCTCTAAGCATCAGGTAACATCAAATCGTACCCCAAACCGACACAGGTGGTCAGGTAGAGAATACCAAGGCGCTTGAGAGAACTCGGGTGAAGGAACTAGGCAAAATGGTGCCGTAACTTCGGGAGAAGGCACGCTGATATGTAGGTGAAGCGACTTGCTCGTGGAGCTGAAATCAGTCGAAGATACCAGCTGGCTGCAACTGTTTATTAAAAACACAGCACTGTGCAAACACGAAAGTGGACGTATACGGTGTGACGCCTGCCCGGTGCCGGAAGGTTAATTGATGGGGTTAGCCGCAAGGCGAAGCTCTTGATCGAAGCCCCGGTAAACGGCGGCCGTAACTATAACGGTCCTAAGGTAGCGAAATTCCTTGTCGGGTAAGTTCCGACCTGCACGAATGGCGTAATGATGGCCAGGCTGTCTCCACCCGAGACTCAGTGAAATTGAACTCGCTGTGAAGATGCAGTGTACCCGCGGCAAGACGGAAAGACCCCGTGAACCTTTACTATAGCTTGACACTGAACATTGAGCCTTGATGTGTAGGATAGGTGGGAGGCTTTGAAGTGTGGACGCCAGTCTGCATGGAGCCGACCTTGAAATACCACCCTTTAATGTTTGATGTTCTAACGTTGACCCGTAATCCGGGTTGCGGACAGTGTCTGGTGGGTAGTTTGACTGGGGCGGTCTCCTCCTAAAGAGTAACGGAGGAGCACGAAGGTTGGCTAATCCTGGTCGGACATCAGGAGGTTAGTGCAATGGCATAAGCCAGCTTGACTGCGAGCGTGACGGCGCGAGCAGGTGCGAAAGCAGGTCATAGTGATCCGGTGGTTCTGAATGGAAGGGCCATCGCTCAACGGATAAAAGGTACTCCGGGGATAACAGGCTGATACCGCCCAAGAGTTCATATCGACGGCGGTGTTTGGCACCTCGATGTCGGCTCATCACATCCTGGGGCTGAAGTAGGTCCCAAGGGTATGGCTGTTCGCCATTTAAAGTGGTACGCGAGCTGGGTTTAGAACGTCGTGAGACAGTTCGGTCCCTATCTGCCGTGGGCGCTGGAGAACTGAGGGGGGCTGCTCCTAGTACGAGAGGACCGGAGTGGACGCATCACTGGTGTTCGGGTTGTCATGCCAATGGCACTGCCCGGTAGCTAAATGCGGAAGAGATAAGTGCTGAAAGCATCTAAGCACGAAACTTGCCCCGAGATGAGTTCTCCCTGACTCCTTGAGAGTCCTGAAGGAACGTTGAAGACGACGACGTTGATAGGCCGGGTGTGTAAGCGCAGCGATGCGTTGAGCTAACCGGTACTAATGAACCGTGAGGCTTAACCTT
rrfA,1,rRNA,4038540,4038659,GCCTGGCGGCAGTAGCGCGGTGGTCCCACCTGACCCCATGCCGAACTCAGAAGTGAAACGCCGTAGCGCCGATGGTAGTGTGGGGTCTCCTCATGCGAGAGTAGGGAACTGCCAGGCAT
rrsB,1,rRNA,4164682,4166223,AATTGAAGAGTTTGATCATGGCTCAGATTGAACGCTGGCGGCAGGCCTAACACATGCAAGTCGAACGGTAACAGGAAGAAGCTTGCTTCTTTGCTGACGAGTGGCGGACGGGTGAGTAATGTCTGGGAAACTGCCTGATGGAGGGGGATAACTACTGGAAACGGTAGCTAATACCGCATAACGTCGCAAGACCAAAGAGGGGGACCTTCGGGCCTCTTGCCATCGGATGTGCCCAGATGGGATTAGCTAGTAGGTGGGGTAACGGCTCACCTAGGCGACGATCCCTAGCTGGTCTGAGAGGATGACCAGCCACACTGGAACTGAGACACGGTCCAGACTCCTACGGGAGGCAGCAGTGGGGAATATTGCACAATGGGCGCAAGCCTGATGCAGCCATGCCGCGTGTATGAAGAAGGCCTTCGGGTTGTAAAGTACTTTCAGCGGGGAGGAAGGGAGTAAAGTTAATACCTTTGCTCATTGACGTTACCCGCAGAAGAAGCACCGGCTAACTCCGTGCCAGCAGCCGCGGTAATACGGAGGGTGCAAGCGTTAATCGGAATTACTGGGCGTAAAGCGCACGCAGGCGGTTTGTTAAGTCAGATGTGAAATCCCCGGGCTCAACCTGGGAACTGCATCTGATACTGGCAAGCTTGAGTCTCGTAGAGGGGGGTAGAATTCCAGGTGTAGCGGTGAAATGCGTAGAGATCTGGAGGAATACCGGTGGCGAAGGCGGCCCCCTGGACGAAGACTGACGCTCAGGTGCGAAAGCGTGGGGAGCAAACAGGATTAGATACCCTGGTAGTCCACGCCGTAAACGATGTCGACTTGGAGGTTGTGCCCTTGAGGCGTGGCTTCCGGAGCTAACGCGTTAAGTCGACCGCCTGGGGAGTACGGCCGCAAGGTTAAAACTCAAATGAATTGACGGGGGCCCGCACAAGCGGTGGAGCATGTGGTTTAATTCGATGCAACGCGAAGAACCTTACCTGGTCTTGACATCCACGGAAGTTTTCAGAGATGAGAATGTGCCTTCGGGAACCGTGAGACAGGTGCTGCATGGCTGTCGTCAGCTCGTGTTGTGAAATGTTGGGTTAAGTCCCGCAACGAGCGCAACCCTTATCCTTTGTTGCCAGCGGTCCGGCCGGGAACTCAAAGGAGACTGCCAGTGATAAACTGGAGGAAGGTGGGGATGACGTCAAGTCATCATGGCCCTTACGACCAGGGCTACACACGTGCTACAATGGCGCATACAAAGAGAAGCGACCTCGCGAGAGCAAGCGGACCTCATAAAGTGCGTCGTAGTCCGGATTGGAGTCTGCAACTCGACTCCATGAAGTCGGAATCGCTAGTAATCGTGGATCAGAATGCCACGGTGAATACGTTCCCGGGCCTTGTACACACCGCCCGTCACACCATGGGAGTGGGTTGCAAAAGAAGTAGGTAGCTTAACCTTCGGGAGGGCGCTTACCACTTTGTGATTCATGACTGGGGTGAAGTCGTAACAAGGTAACCGTAGGGGAACCTGCGGTTGGATCACCTCCTTA
gltT,1,tRNA,4166395,4166470,TCCCCTTCGTCTAGAGGCCCAGGACACCGCCCTTTCACGGCGGTAACAGGGGTTCGAATCCCCTAGGGGACGCCA
rrlB,1,rRNA,4166664,4169567,GTTAAGCGACTAAGCGTACACGGTGGATGCCCTGGCAGTCAGAGGCGATGAAGGACGTGCTAATCTGCGATAAGCGTCGGTAAGGTGATATGAACCGTTATAACCGGCGATTTCCGAATGGGGAAACCCAGTGTGTTTCGACACACTATCATTAACTGAATCCATAGGTTAATGAGGCGAACCGGGGGAACTGAAACATCTAAGTACCCCGAGGAAAAGAAATCAACCGAGATTCCCCCAGTAGCGGCGAGCGAACGGGGAGCAGCCCAGAGCCTGAATCAGTGTGTGTGTTAGTGGAAGCGTCTGGAAAGGCGCGCGATACAGGGTGACAGCCCCGTACACAAAAATGCACATGCTGTGAGCTCGATGAGTAGGGCGGGACACGTGGTATCCTGTCTGAATATGGGGGGACCATCCTCCAAGGCTAAATACTCCTGACTGACCGATAGTGAACCAGTACCGTGAGGGAAAGGCGAAAAGAACCCCGGCGAGGGGAGTGAAAAAGAACCTGAAACCGTGTACGTACAAGCAGTGGGAGCACGCTTAGGCGTGTGACTGCGTACCTTTTGTATAATGGGTCAGCGACTTATATTCTGTAGCAAGGTTAACCGAATAGGGGAGCCGAAGGGAAACCGAGTCTTAACTGGGCGTTAAGTTGCAGGGTATAGACCCGAAACCCGGTGATCTAGCCATGGGCAGGTTGAAGGTTGGGTAACACTAACTGGAGGACCGAACCGACTAATGTTGAAAAATTAGCGGATGACTTGTGGCTGGGGGTGAAAGGCCAATCAAACCGGGAGATAGCTGGTTCTCCCCGAAAGCTATTTAGGTAGCGCCTCGTGAATTCATCTCCGGGGGTAGAGCACTGTTTCGGCAAGGGGGTCATCCCGACTTACCAACCCGATGCAAACTGCGAATACCGGAGAATGTTATCACGGGAGACACACGGCGGGTGCTAACGTCCGTCGTGAAGAGGGAAACAACCCAGACCGCCAGCTAAGGTCCCAAAGTCATGGTTAAGTGGGAAACGATGTGGGAAGGCCCAGACAGCCAGGATGTTGGCTTAGAAGCAGCCATCATTTAAAGAAAGCGTAATAGCTCACTGGTCGAGTCGGCCTGCGCGGAAGATGTAACGGGGCTAAACCATGCACCGAAGCTGCGGCAGCGACGCTTATGCGTTGTTGGGTAGGGGAGCGTTCTGTAAGCCTGCGAAGGTGTGCTGTGAGGCATGCTGGAGGTATCAGAAGTGCGAATGCTGACATAAGTAACGATAAAGCGGGTGAAAAGCCCGCTCGCCGGAAGACCAAGGGTTCCTGTCCAACGTTAATCGGGGCAGGGTGAGTCGACCCCTAAGGCGAGGCCGAAAGGCGTAGTCGATGGGAAACAGGTTAATATTCCTGTACTTGGTGTTACTGCGAAGGGGGGACGGAGAAGGCTATGTTGGCCGGGCGACGGTTGTCCCGGTTTAAGCGTGTAGGCTGGTTTTCCAGGCAAATCCGGAAAATCAAGGCTGAGGCGTGATGACGAGGCACTACGGTGCTGAAGCAACAAATGCCCTGCTTCCAGGAAAAGCCTCTAAGCATCAGGTAACATCAAATCGTACCCCAAACCGACACAGGTGGTCAGGTAGAGAATACCAAGGCGCTTGAGAGAACTCGGGTGAAGGAACTAGGCAAAATGGTGCCGTAACTTCGGGAGAAGGCACGCTGATATGTAGGTGAGGTCCCTCGCGGATGGAGCTGAAATCAGTCGAAGATACCAGCTGGCTGCAACTGTTTATTAAAAACACAGCACTGTGCAAACACGAAAGTGGACGTATACGGTGTGACGCCTGCCCGGTGCCGGAAGGTTAATTGATGGGGTTAGCGCAAGCGAAGCTCTTGATCGAAGCCCCGGTAAACGGCGGCCGTAACTATAACGGTCCTAAGGTAGCGAAATTCCTTGTCGGGTAAGTTCCGACCTGCACGAATGGCGTAATGATGGCCAGGCTGTCTCCACCCGAGACTCAGTGAAATTGAACTCGCTGTGAAGATGCAGTGTACCCGCGGCAAGACGGAAAGACCCCGTGAACCTTTACTATAGCTTGACACTGAACATTGAGCCTTGATGTGTAGGATAGGTGGGAGGCTTTGAAGTGTGGACGCCAGTCTGCATGGAGCCGACCTTGAAATACCACCCTTTAATGTTTGATGTTCTAACGTTGACCCGTAATCCGGGTTGCGGACAGTGTCTGGTGGGTAGTTTGACTGGGGCGGTCTCCTCCTAAAGAGTAACGGAGGAGCACGAAGGTTGGCTAATCCTGGTCGGACATCAGGAGGTTAGTGCAATGGCATAAGCCAGCTTGACTGCGAGCGTGACGGCGCGAGCAGGTGCGAAAGCAGGTCATAGTGATCCGGTGGTTCTGAATGGAAGGGCCATCGCTCAACGGATAAAAGGTACTCCGGGGATAACAGGCTGATACCGCCCAAGAGTTCATATCGACGGCGGTGTTTGGCACCTCGATGTCGGCTCATCACATCCTGGGGCTGAAGTAGGTCCCAAGGGTATGGCTGTTCGCCATTTAAAGTGGTACGCGAGCTGGGTTTAGAACGTCGTGAGACAGTTCGGTCCCTATCTGCCGTGGGCGCTGGAGAACTGAGGGGGGCTGCTCCTAGTACGAGAGGACCGGAGTGGACGCATCACTGGTGTTCGGGTTGTCATGCCAATGGCACTGCCCGGTAGCTAAATGCGGAAGAGATAAGTGCTGAAAGCATCTAAGCACGAAACTTGCCCCGAGATGAGTTCTCCCTGACCCTTTAAGGGTCCTGAAGGAACGTTGAAGACGACGACGTTGATAGGCCGGGTGTGTAAGCGCAGCGATGCGTTGAGCTAACCGGTACTAATGAACCGTGAGGCTTAACCTT
rrfB,1,rRNA,4169660,4169779,GCCTGGCGGCAGTAGCGCGGTGGTCCCACCTGACCCCATGCCGAACTCAGAAGTGAAACGCCGTAGCGCCGATGGTAGTGTGGGGTCTCCCCATGCGAGAGTAGGGAACTGCCAGGCAT
thrU,1,tRNA,4173411,4173486,CCGACTTAGCTCAGTAGGTAGAGCAACTGACTTGTAATCAGTAGGTCACCAGTTCGATTCCGGTAGTCGGCACCA
tyrU,1,tRNA,4173495,4173579,GTGGGGTTCCCGAGCGGCCAAAGGGAGCAGACTGTAAATCTGCCGTCACAGACTTCGAAGGTTCGAATCCTTCCCCCACCACCA
glyT,1,tRNA,4173696,4173770,CGGGCATCGTATAATGGCTATTACCTCAGCCTTCCAAGCTGATGATGCGGGTTCGATTCCCGCTGCCCGCTCCA
thrT,1,tRNA,4173777,4173852,CTGATATAGCTCAGTTGGTAGAGCGCACCCTTGGTAAGGGTGAGGTCGGCAGTTCGAATCTGCCTATCAGCACCA
rrsE,1,rRNA,4206170,4207711,AATTGAAGAGTTTGATCATGGCTCAGATTGAACGCTGGCGGCAGGCCTAACACATGCAAGTCGAACGGTAACAGGAAGAAGCTTGCTTCTTTGCTGACGAGTGGCGGACGGGTGAGTAATGTCTGGGAAACTGCCTGATGGAGGGGGATAACTACTGGAAACGGTAGCTAATACCGCATAACGTCGCAAGACCAAAGAGGGGGACCTTCGGGCCTCTTGCCATCGGATGTGCCCAGATGGGATTAGCTAGTAGGTGGGGTAACGGCTCACCTAGGCGACGATCCCTAGCTGGTCTGAGAGGATGACCAGCCACACTGGAACTGAGACACGGTCCAGACTCCTACGGGAGGCAGCAGTGGGGAATATTGCACAATGGGCGCAAGCCTGATGCAGCCATGCCGCGTGTATGAAGAAGGCCTTCGGGTTGTAAAGTACTTTCAGCGGGGAGGAAGGGAGTAAAGTTAATACCTTTGCTCATTGACGTTACCCGCAGAAGAAGCACCGGCTAACTCCGTGCCAGCAGCCGCGGTAATACGGAGGGTGCAAGCGTTAATCGGAATTACTGGGCGTAAAGCGCACGCAGGCGGTTTGTTAAGTCAGATGTGAAATCCCCGGGCTCAACCTGGGAACTGCATCTGATACTGGCAAGCTTGAGTCTCGTAGAGGGGGGTAGAATTCCAGGTGTAGCGGTGAAATGCGTAGAGATCTGGAGGAATACCGGTGGCGAAGGCGGCCCCCTGGACGAAGACTGACGCTCAGGTGCGAAAGCGTGGGGAGCAAACAGGATTAGATACCCTGGTAGTCCACGCCGTAAACGATGTCGACTTGGAGGTTGTGCCCTTGAGGCGTGGCTTCCGGAGCTAACGCGTTAAGTCGACCGCCTGGGGAGTACGGCCGCAAGGTTAAAACTCAAATGAATTGACGGGGGCCCGCACAAGCGGTGGAGCATGTGGTTTAATTCGATGCAACGCGAAGAACCTTACCTGGTCTTGACATCCACGGAAGTTTTCAGAGATGAGAATGTGCCTTCGGGAACCGTGAGACAGGTGCTGCATGGCTGTCGTCAGCTCGTGTTGTGAAATGTTGGGTTAAGTCCCGCAACGAGCGCAACCCTTATCCTTTGTTGCCAGCGGTCCGGCCGGGAACTCAAAGGAGACTGCCAGTGATAAACTGGAGGAAGGTGGGGATGACGTCAAGTCATCATGGCCCTTACGACCAGGGCTACACACGTGCTACAATGGCGCATACAAAGAGAAGCGACCTCGCGAGAGCAAGCGGACCTCATAAAGTGCGTCGTAGTCCGGATTGGAGTCTGCAACTCGACTCCATGAAGTCGGAATCGCTAGTAATCGTGGATCAGAATGCCACGGTGAATACGTTCCCGGGCCTTGTACACACCGCCCGTCACACCATGGGAGTGGGTTGCAAAAGAAGTAGGTAGCTTAACCTTCGGGAGGGCGCTTACCACTTTGTGATTCATGACTGGGGTGAAGTCGTAACAAGGTAACCGTAGGGGAACCTGCGGTTGGATCACCTCCTTA
gltV,1,tRNA,4207797,4207872,TCCCCTTCGTCTAGAGGCCCAGGACACCGCCCTTTCACGGCGGTAACAGGGGTTCGAATCCCCTAGGGGACGCCA
rrlE,1,rRNA,4208066,4210969,GTTAAGCGACTAAGCGTACACGGTGGATGCCCTGGCAGTCAGAGGCGATGAAGGACGTGCTAATCTGCGATAAGCGTCGGTAAGGTGATATGAACCGTTATAACCGGCGATTTCCGAATGGGGAAACCCAGTGTGTTTCGACACACTATCATTAACTGAATCCATAGGTTAATGAGGCGAACCGGGGGAACTGAAACATCTAAGTACCCCGAGGAAAAGAAATCAACCGAGATTCCCCCAGTAGCGGCGAGCGAACGGGGAGCAGCCCAGAGCCTGAATCAGTGTGTGTGTTAGTGGAAGCGTCTGGAAAGGCGCGCGATACAGGGTGACAGCCCCGTACACAAAAATGCACATGCTGTGAGCTCGATGAGTAGGGCGGGACACGTGGTATCCTGTCTGAATATGGGGGGACCATCCTCCAAGGCTAAATACTCCTGACTGACCGATAGTGAACCAGTACCGTGAGGGAAAGGCGAAAAGAACCCCGGCGAGGGGAGTGAAAAAGAACCTGAAACCGTGTACGTACAAGCAGTGGGAGCACGCTTAGGCGTGTGACTGCGTACCTTTTGTATAATGGGTCAGCGACTTATATTCTGTAGCAAGGTTAACCGAATAGGGGAGCCGAAGGGAAACCGAGTCTTAACTGGGCGTTAAGTTGCAGGGTATAGACCCGAAACCCGGTGATCTAGCCATGGGCAGGTTGAAGGTTGGGTAACACTAACTGGAGGACCGAACCGACTAATGTTGAAAAATTAGCGGATGACTTGTGGCTGGGGGTGAAAGGCCAATCAAACCGGGAGATAGCTGGTTCTCCCCGAAAGCTATTTAGGTAGCGCCTCGTGAATTCATCTCCGGGGGTAGAGCACTGTTTCGGCAAGGGGGTCATCCCGACTTACCAACCCGATGCAAACTGCGAATACCGGAGAATGTTATCACGGGAGACACACGGCGGGTGCTAACGTCCGTCGTGAAGAGGGAAACAACCCAGACCGCCAGCTAAGGTCCCAAAGTCATGGTTAAGTGGGAAACGATGTGGGAAGGCCCAGACAGCCAGGATGTTGGCTTAGAAGCAGCCATCATTTAAAGAAAGCGTAATAGCTCACTGGTCGAGTCGGCCTGCGCGGAAGATGTAACGGGGCTAAACCATGCACCGAAGCTGCGGCAGCGACGCTTATGCGTTGTTGGGTAGGGGAGCGTTCTGTAAGCCTGCGAAGGTGTGCTGTGAGGCATGCTGGAGGTATCAGAAGTGCGAATGCTGACATAAGTAACGATAAAGCGGGTGAAAAGCCCGCTCGCCGGAAGACCAAGGGTTCCTGTCCAACGTTAATCGGGGCAGGGTGAGTCGACCCCTAAGGCGAGGCCGAAAGGCGTAGTCGATGGGAAACAGGTTAATATTCCTGTACTTGGTGTTACTGCGAAGGGGGGACGGAGAAGGCTATGTTGGCCGGGCGACGGTTGTCCCGGTTTAAGCGTGTAGGCTGGTTTTCCAGGCAAATCCGGAAAATCAAGGCTGAGGCGTGATGACGAGGCACTACGGTGCTGAAGCAACAAATGCCCTGCTTCCAGGAAAAGCCTCTAAGCATCAGGTAACATCAAATCGTACCCCAAACCGACACAGGTGGTCAGGTAGAGAATACCAAGGCGCTTGAGAGAACTCGGGTGAAGGAACTAGGCAAAATGGTGCCGTAACTTCGGGAGAAGGCACGCTGATATGTAGGTGAGGTCCCTCGCGGATGGAGCTGAAATCAGTCGAAGATACCAGCTGGCTGCAACTGTTTATTAAAAACACAGCACTGTGCAAACACGAAAGTGGACGTATACGGTGTGACGCCTGCCCGGTGCCGGAAGGTTAATTGATGGGGTTAGCGCAAGCGAAGCTCTTGATCGAAGCCCCGGTAAACGGCGGCCGTAACTATAACGGTCCTAAGGTAGCGAAATTCCTTGTCGGGTAAGTTCCGACCTGCACGAATGGCGTAATGATGGCCAGGCTGTCTCCACCCGAGACTCAGTGAAATTGAACTCGCTGTGAAGATGCAGTGTACCCGCGGCAAGACGGAAAGACCCCGTGAACCTTTACTATAGCTTGACACTGAACATTGAGCCTTGATGTGTAGGATAGGTGGGAGGCTTTGAAGTGTGGACGCCAGTCTGCATGGAGCCGACCTTGAAATACCACCCTTTAATGTTTGATGTTCTAACGTTGACCCGTAATCCGGGTTGCGGACAGTGTCTGGTGGGTAGTTTGACTGGGGCGGTCTCCTCCTAAAGAGTAACGGAGGAGCACGAAGGTTGGCTAATCCTGGTCGGACATCAGGAGGTTAGTGCAATGGCATAAGCCAGCTTGACTGCGAGCGTGACGGCGCGAGCAGGTGCGAAAGCAGGTCATAGTGATCCGGTGGTTCTGAATGGAAGGGCCATCGCTCAACGGATAAAAGGTACTCCGGGGATAACAGGCTGATACCGCCCAAGAGTTCATATCGACGGCGGTGTTTGGCACCTCGATGTCGGCTCATCACATCCTGGGGCTGAAGTAGGTCCCAAGGGTATGGCTGTTCGCCATTTAAAGTGGTACGCGAGCTGGGTTTAGAACGTCGTGAGACAGTTCGGTCCCTATCTGCCGTGGGCGCTGGAGAACTGAGGGGGGCTGCTCCTAGTACGAGAGGACCGGAGTGGACGCATCACTGGTGTTCGGGTTGTCATGCCAATGGCACTGCCCGGTAGCTAAATGCGGAAGAGATAAGTGCTGAAAGCATCTAAGCACGAAACTTGCCCCGAGATGAGTTCTCCCTGACTCCTTGAGAGTCCTGAAGGAACGTTGAAGACGACGACGTTGATAGGCCGGGTGTGTAAGCGCAGCGATGCGTTGAGCTAACCGGTACTAATGAACCGTGAGGCTTAACCTT
rrfE,1,rRNA,4211063,4211182,GCCTGGCGGCAGTAGCGCGGTGGTCCCACCTGACCCCATGCCGAACTCAGAAGTGAAACGCCGTAGCGCCGATGGTAGTGTGGGGTCTCCCCATGCGAGAGTAGGGAACTGCCAGGCAT
pheU,-1,tRNA,4360574,4360649,CAGTGGCTTCTGTTTCTATCAGCTGTCCCTCCTGTTCAGCTACTGACGGGGTGGTGCGTAACGGCAAAAGCACTG
glyV,1,tRNA,4390383,4390458,CGGGAATAGCTCAGTTGGTAGAGCACGACCTTGCCAAGGTCGGGGTCGCGAGTTCGAGTCTCGTTTCCCGCTCCA
glyX,1,tRNA,4390495,4390570,CGGGAATAGCTCAGTTGGTAGAGCACGACCTTGCCAAGGTCGGGGTCGCGAGTTCGAGTCTCGTTTCCCGCTCCA
glyY,1,tRNA,4390606,4390681,CGGGAATAGCTCAGTTGGTAGAGCACGACCTTGCCAAGGTCGGGGTCGCGAGTTCGAGTCTCGTTTCCCGCTCCA
leuX,1,tRNA,4494428,4494512,CCGAAGTGGCGAAATCGGTAGACGCAGTTGATTCAAAATCAACCGTAGAAATACGTGCCGGTTCGAGTCCGGCCTTCGGCACCA
leuV,-1,tRNA,4604102,4604188,TTAACAGCGCCCCGCTGGCGATTGCGGCGCTGAAAGAGATCTACCGCACCACCAGCGAAATGCCGGTAGAAGAAGCGTATCGCTAT
leuP,-1,tRNA,4604223,4604309,TCTGCATTCGGAAGATGCCATTGAAGGGCCGCTGGCGTTTGCCGAGAAGCGCGATCCGGTGTGGAAAGGACGTTAACAACCGTGAG
leuQ,-1,tRNA,4604338,4604424,TGGTTCACCCGACGGCGTTTGTCCATCCCAGTGCCGTCTTGATTGGCGATGTGATTGTGGGAGCCGGTGTCTACATCGGCCCACTC
